45,1593815930897%B0%ED%B5%B6.jpg,123,1593815930897___.jpg,2020-07-08 00:00:00,2020-07-29 00:00:00
46,1593815958317%B0%ED%B5%B6.jpg,fgfggsfg,1593815958317%B4%DE_dksehdrb007.jpg,2020-06-24 00:00:00,2020-07-22 00:00:00
47,1593816030920Mage.jpg,werwerwer,1593816030920001.jpg,2020-07-01 00:00:00,2020-07-15 00:00:00
48,1593816079121146000.jpg,werewrewr,1593816079121bfecbfefc1f5_kwy93.jpg,2020-07-01 00:00:00,2020-07-22 00:00:00
5,eventThumbnail7.jpg,이벤트 테스트4,eventThumbnail8.jpg,2020-03-24 10:02:41,2020-04-03 10:02:41
23,1593737272237Chrysanthemum.jpg,요시 그란도시즌,1593737272237Desert.jpg,2020-06-28 00:00:00,2020-07-22 00:00:00
24,1593737337029Jellyfish.jpg,씁!,1593737337029Koala.jpg,2020-07-14 00:00:00,2020-07-25 00:00:00
25,1593737632983Chrysanthemum.jpg,비가 오는 날에,1593737632983Desert.jpg,2020-06-30 00:00:00,2020-07-21 00:00:00
41,1593813179093r_r4ff208001_c2ea5ecf481173fbca92ec2e2341a98f2901552b.jpg,ㄷㄱㅂㄷㅈㄱ,1593813179093r_rd1740f001_8a6315891019b5bd5d4f37e8857e2e42cbfc149c.jpg,2020-06-18 00:00:00,2020-07-22 00:00:00
42,1593814790988740_1447686353116.jpg,200704 7:19 테스트,"1593814790988%BF%F4%B1%E4ⓒ%B8%F0%C0%BD,%C0%E7%B9？%C2ⓒ,？%C5%E5ⓒ,%C6%E4%BA%CFⓒ12.png",2020-07-07 00:00:00,2020-07-22 00:00:00
43,1593815019737%B0%ED%B5%B6.jpg,200704 7:23 테스트,1593815019737%B4%DE_dksehdrb007.jpg,2020-07-02 00:00:00,2020-07-29 00:00:00
44,1593815873516(14)_dadada1176.jpg,qqeqeqeqeqeqe,1593815873516%BE%D8？%B8%C72.jpg,2020-07-02 00:00:00,2020-07-22 00:00:00
