92,,,,2020-05-11 16:19:47,92,
100,,,,2020-05-11 16:23:41,100,
119,,개굴,11,2020-05-11 17:33:19,119,32.jpg
120,,피죠오오옳옳옳옳옳옳옳옳옳옳,ㅋㅋ,2020-05-11 17:33:38,120,KakaoTalk_20200508_15140630817.jpg
121,,관짝행,ㅇ,2020-05-11 17:33:50,121,KakaoTalk_20200508_15134388012.png
93,,,,2020-05-11 16:19:52,93,
94,,,,2020-05-11 16:20:01,94,
95,,,,2020-05-11 16:21:41,95,
96,,,,2020-05-11 16:21:45,96,
97,,,,2020-05-11 16:21:52,97,
98,,123,123,2020-05-11 16:22:19,98,31.jpg
90,,흐믓,개굴,2020-05-11 13:04:31,90,3.jpg
91,,피죠오옳옳옳옳옳옳옳옳옳옳,ㅇㅇ,2020-05-11 13:04:56,91,KakaoTalk_20200508_15140630815.jpg
99,,,,2020-05-11 16:22:25,99,
101,,,,2020-05-11 16:25:50,101,
102,,,,2020-05-11 16:36:09,102,
103,,,,2020-05-11 16:38:44,103,
104,,,,2020-05-11 16:38:47,104,
105,,asd,sad,2020-05-11 16:44:05,105,KakaoTalk_20200508_1513438809.png
106,,,,2020-05-11 16:44:09,106,
62,,,,2020-05-08 15:39:30,0,2343241.jpg
63,,,,2020-05-08 15:41:28,0,KakaoTalk_20200508_151406308.jpg
64,,,,2020-05-08 15:43:06,0,2343242.jpg
65,,피죠ㄴㄴㄴㄴㄴㄴㄴㄴㄴㄴㄴㄴㄴㄴㄴㄴㄴㄴㄴㄴㄴㄴㄴㄴㄴㄴㄴㄴㄴㄴㄴㄴ,123,2020-05-08 15:44:33,0,KakaoTalk_20200508_1514063081.jpg
66,,피죠ㄴㄴㄴㄴㄴㄴㄴㄴㄴㄴㄴㄴㄴㄴㄴㄴㄴㄴㄴㄴㄴㄴㄴㄴㄴㄴㄴㄴㄴㄴㄴㄴ,123,2020-05-08 15:46:14,0,KakaoTalk_20200508_1514063082.jpg
67,,피죠ㄴㄴㄴㄴㄴㄴㄴㄴㄴㄴㄴㄴㄴㄴㄴㄴㄴㄴㄴㄴㄴㄴㄴㄴㄴㄴㄴㄴㄴㄴㄴㄴ,123,2020-05-08 15:46:59,0,KakaoTalk_20200508_1514063083.jpg
68,,ㅁㄴㅇ,ㄴㅁㅇ,2020-05-08 15:58:27,0,KakaoTalk_20200508_1513438801.png
69,,ㅁㄴㅇ,ㄴㅁㅇ,2020-05-08 15:58:31,0,KakaoTalk_20200508_1513438802.png
76,,관짝행,123,2020-05-08 17:16:55,0,KakaoTalk_20200508_1513438803.png
80,,피쬴올ㅇ놀ㅇ몰ㅇㄴ몰ㄴ옴ㄹㄴㅇ몰,구ㅜ구구,2020-05-08 17:44:10,0,KakaoTalk_20200508_15140630811.jpg
81,,피죠올오롤ㅇ홍ㄴ호옪ㅇㄴ호,피죠오로롦,2020-05-11 11:35:16,81,KakaoTalk_20200508_15140630812.jpg
82,,피죠올오롤ㅇ홍ㄴ호옪ㅇㄴ호,피죠오로롦,2020-05-11 11:35:19,82,KakaoTalk_20200508_15140630813.jpg
83,,피죠올오롤ㅇ홍ㄴ호옪ㅇㄴ호,피죠오로롦,2020-05-11 11:35:31,83,KakaoTalk_20200508_15140630814.jpg
84,,관짝행,1,2020-05-11 11:36:14,84,
85,,관짝행,123,2020-05-11 11:36:25,85,KakaoTalk_20200508_1513438804.png
86,,관짝행,123,2020-05-11 11:36:28,86,KakaoTalk_20200508_1513438805.png
87,,관짝행,123,2020-05-11 11:36:30,87,KakaoTalk_20200508_1513438806.png
88,,관짝행,123,2020-05-11 11:36:31,88,KakaoTalk_20200508_1513438807.png
89,,관짝행,123,2020-05-11 11:36:33,89,KakaoTalk_20200508_1513438808.png
107,,,,2020-05-11 16:44:40,107,
108,,123,213,2020-05-11 16:49:05,108,
109,,sad,sad,2020-05-11 16:49:12,109,
110,,sad,asd,2020-05-11 16:49:22,110,KakaoTalk_20200508_15134388010.png
111,,sad,asd,2020-05-11 16:50:07,111,KakaoTalk_20200508_15134388011.png
112,,123,123,2020-05-11 16:50:19,112,KakaoTalk_20200508_15140630816.jpg
113,,123,213,2020-05-11 16:50:26,113,
114,,fghrhfghgfhgfdhf,hdfdh,2020-05-11 16:50:34,114,
115,,fefqfqewfq,fwqefewqfqwef,2020-05-11 16:50:45,115,
116,,dfgsdfgfdgsdf,sdfgsdfgdsfgsf,2020-05-11 16:50:55,116,
117,,234132443432423,233414123232344,2020-05-11 16:51:44,117,
118,,234132443432423,233414123232344,2020-05-11 16:53:33,118,
